topic,difficulty_score,mean_score
Calculus,39.2,60.8
Geometry,34.400000000000006,65.6
Algebra,29.599999999999994,70.4
Statistics,29.400000000000006,70.6
